topic,max_traffic,competitors_covering,urls,keyword_volume,priority
Step-up SIP - How it works and benefits,19051,Nippon India,https://mf.nipponindiaim.com/knowledge-center/tools/step-up-sip-calculator,201000,High
ETF Beginner's Guide - What is ETF and how to invest,9957,HDFC Fund,https://www.hdfcfund.com/learners-corner/beginner/beginners-guide-etf,60500,High
FII and DII - Meaning and role in Indian stock market,9316,HDFC Fund,https://www.hdfcfund.com/learners-corner/beginner/what-fii-and-dii-meaning-full-forms-and-role-indian-stock-market,1000000,High
P/E Ratio - Understanding Price to Earnings Ratio,7312,Mirae Asset,https://www.miraeassetmf.co.in/knowledge-center/what-is-pe-ratio,22200,High
Direct vs Regular Mutual Funds - Complete comparison,8100,HDFC Fund + Mirae Asset,"https://www.hdfcfund.com/learners-corner/intermediate/direct-plans-vs-regular-plans, https://www.miraeassetmf.co.in/knowledge-center/direct-versus-regular-plan",8100,High
CAGR in Mutual Funds - Calculation and importance,7000,Mirae Asset,https://www.miraeassetmf.co.in/knowledge-center/what-is-cagr-in-mutual-fund,49500,High
Liquid Funds - What are they and when to invest,6976,Mirae Asset + SBI MF,"https://www.miraeassetmf.co.in/knowledge-center/what-is-liquid-fund, https://www.sbimf.com/learn-about-mutual-funds/what-are-liquid-funds",12100,High
Tax Saving Strategies - How to save income tax in India,5000,HDFC Fund,https://www.hdfcfund.com/learners-corner/beginner/how-save-tax-india-10-smart-and-legal-ways-fy-2025-26,3600,High
NSE vs BSE - Difference between stock exchanges,4500,HDFC Fund,https://www.hdfcfund.com/learners-corner/beginner/difference-between-nse-and-bse-clear-guide-indian-investors,110000,High
Equity vs Debt Funds - Which one to choose,3500,Mirae Asset,https://www.miraeassetmf.co.in/knowledge-center/equity-vs-debt-funds,720,Medium
Advantages and Disadvantages of Mutual Funds,3000,HDFC Fund,https://www.hdfcfund.com/learners-corner/beginner/advantages-and-disadvantages-mutual-funds,1300,Medium
Types of Mutual Funds - Complete guide,2800,Mirae Asset,https://www.miraeassetmf.co.in/knowledge-center/mutual-fund-types,3600,Medium
Long-term Capital Gains Tax (LTCG) - Complete guide,2500,Mirae Asset,https://www.miraeassetmf.co.in/knowledge-center/understanding-long-term-capital-gains-tax-ltcg-in-india,12100,High
Demat Account - Do you need it for mutual funds,2300,HDFC Fund,https://www.hdfcfund.com/learners-corner/beginner/do-you-need-demat-account-investing-mutual-funds,480,Medium
Portfolio Overlap in Mutual Funds - How to avoid,2200,HDFC Fund,https://www.hdfcfund.com/learners-corner/beginner/understanding-portfolio-overlap-mutual-fund-schemes-and-how-reduce-it,9900,High
Benefits of Investing in Mutual Funds,2000,Mirae Asset,https://www.miraeassetmf.co.in/knowledge-center/benefits-of-investing-in-mutual-funds,5400,Medium
PPF vs Mutual Funds - Which is better investment,1800,HDFC Fund,https://www.hdfcfund.com/learners-corner/beginner/mutual-funds-vs-ppf,1000,Medium
Contra Funds - What are they and how they work,1600,HDFC Fund,https://www.hdfcfund.com/learners-corner/beginner/what-are-contra-mutual-fund-schemes,3600,Medium
How to Invest in Index Funds in India,1500,HDFC Fund,https://www.hdfcfund.com/learners-corner/beginner/how-invest-nifty-index-funds-india-step-step-guide,8100,High
Rupee Cost Averaging - Benefits in SIP investments,1400,HDFC Fund,https://www.hdfcfund.com/learners-corner/beginner/rupee-cost-averaging,1000,Medium
Thematic and Sectoral Funds - When to invest,1200,SBI MF,https://www.sbimf.com/learn-about-mutual-funds/thematic-funds,3600,Medium
ELSS Funds - Tax saving mutual funds explained,1100,Nippon India,https://mf.nipponindiaim.com/knowledge-center/elss-funds,12100,High
Global and International Mutual Funds,1000,HDFC Fund,https://www.hdfcfund.com/learners-corner/intermediate/what-are-global-fundsinternational-mutual-funds,320,Medium
Fixed Income Mutual Funds - Complete guide,950,HDFC Fund,https://www.hdfcfund.com/learners-corner/what-are-fixed-income-mutual-funds,5400,Medium
Target Maturity Funds - Features and benefits,900,Mirae Asset,https://www.miraeassetmf.co.in/knowledge-center/what-are-target-maturity-funds,210,Medium
Gilt Funds - Government securities funds explained,850,SBI MF,https://www.sbimf.com/learn-about-mutual-funds/gilt-funds-demystified,5400,Medium
Importance of Financial Planning,800,Mirae Asset,https://www.miraeassetmf.co.in/knowledge-center/importance-of-financial-planning,1900,Medium
Alternative Investment Funds (AIF) - Complete guide,750,Mirae Asset,https://www.miraeassetmf.co.in/knowledge-center/what-are-alternative-investment-funds-aif,6600,Medium
Capital Market - Meaning types and importance,700,HDFC Fund,https://www.hdfcfund.com/learners-corner/beginner/what-capital-market-meaning-types-functions-and-importance-explained,1300,Medium
PAN Card - Importance in mutual fund investments,650,HDFC Fund,https://www.hdfcfund.com/learners-corner/beginner/understanding-permanent-account-number-pan-card-and-its-uses-guide-indian-investors,110000,High
Tax Exemptions for Senior Citizens,600,HDFC Fund,https://www.hdfcfund.com/learners-corner/beginner/understanding-tax-exemption-senior-citizens,2400,Medium
Standard Deviation in Mutual Funds - Risk measure,550,SBI MF,https://www.sbimf.com/learn-about-mutual-funds/what-is-standard-deviation-in-mutual-funds-2-why-is-it-important8,480,Medium
Mutual Fund Terminology and Jargon Simplified,500,SBI MF,https://www.sbimf.com/learn-about-mutual-funds/mutual-fund-jargons-simplified,390,Medium
Risk Profiling for Mutual Fund Investors,480,Mirae Asset + Nippon India,"https://www.miraeassetmf.co.in/knowledge-center/risk-profiler, https://mf.nipponindiaim.com/knowledge-center/tools/risk-analyzer",260,Medium
Children's Education Planning with Mutual Funds,450,Mirae Asset,https://www.miraeassetmf.co.in/knowledge-center/how-to-use-mutual-funds-for-children-s-education-planning,210,Medium
ISIN Number - What it is and how to find it,420,HDFC Fund,https://www.hdfcfund.com/learners-corner/beginner/what-isin-number-demat-account-meaning-purpose-how-find-it,2400,Medium
Fixed Deposit vs Mutual Funds - Comparison,400,Mirae Asset,https://www.miraeassetmf.co.in/knowledge-center/fd-vs-mutual-funds,260,Medium
Debt Funds vs Fixed Deposits - Which is better,380,Mirae Asset,https://www.miraeassetmf.co.in/knowledge-center/fixed-deposit-versus-debt-funds,1000,Medium
How to Check Demat Account Number and Balance,350,HDFC Fund,https://www.hdfcfund.com/learners-corner/beginner/how-know-your-demat-account-number,880,Medium
Benefits of Demat Account for investors,320,HDFC Fund,https://www.hdfcfund.com/learners-corner/beginner/benefits-demat-account,1600,Medium
How to Check Income Tax Filing Status,300,HDFC Fund,https://www.hdfcfund.com/learners-corner/beginner/how-check-income-tax-filing-status-india-comprehensive-guide,390,Medium
IDCW in Mutual Funds - What it means,2500,Mirae Asset + SBI MF,"https://www.miraeassetmf.co.in/knowledge-center/what-is-idcw-in-mutual-funds, https://www.sbimf.com/learn-about-mutual-funds/what-is-idcw-in-mutual-funds8",4400,Medium
Index Funds vs ETF - Key differences,2200,Mirae Asset,https://www.miraeassetmf.co.in/knowledge-center/index-funds-vs-etf,4400,Medium
State Development Loans (SDL) - What are they,1800,Mirae Asset + Nippon India,"https://www.miraeassetmf.co.in/knowledge-center/state-development-loans-and-what-kind-of-mutual-funds-invest-in-sdls, https://mf.nipponindiaim.com/knowledge-center/what-are-debt-funds/state-development-loan",2900,Medium
What is SIP and How does it work,1600,Mirae Asset,https://www.miraeassetmf.co.in/knowledge-center/what-is-sip,40500,High
Growth vs Dividend Option in Mutual Funds,1400,Mirae Asset,https://www.miraeassetmf.co.in/knowledge-center/growth-vs-dividend-funds,260,Medium
Passive Funds - Meaning and types,1200,SBI MF,https://www.sbimf.com/learn-about-mutual-funds/passive-funds,880,Medium
Why Should You Invest in Mutual Funds,1100,HDFC Fund,https://www.hdfcfund.com/learners-corner/beginner/why-should-you-invest-mutual-funds,260,Medium
Mutual Fund Beginner's Guide - How to start,1000,SBI MF,https://www.sbimf.com/learn-about-mutual-funds/beginners-guide,320,Medium
Financial Services Sector - Understanding the industry,900,Mirae Asset,https://www.miraeassetmf.co.in/knowledge-center/financial-services-sector---it-s-not-just-banks,4400,Medium
Compound Interest - Power of compounding explained,800,Nippon India,https://mf.nipponindiaim.com/knowledge-center/tools/compound-interest-calculator,60500,High
Inflation and Its Impact on Investments,750,Nippon India,https://mf.nipponindiaim.com/knowledge-center/tools/inflation-calculator,60500,High
Net Worth Calculation - How to calculate your net worth,700,Nippon India,https://mf.nipponindiaim.com/knowledge-center/tools/net-worth-calculator,3600,Medium
Lumpsum Investment - When and how to invest,650,Nippon India,https://mf.nipponindiaim.com/knowledge-center/tools/lumpsum-calculator,201000,High
Asset Allocation Strategy - Balancing your portfolio,600,Nippon India,https://mf.nipponindiaim.com/knowledge-center/tools/asset-allocation-calculator,260,Medium
What is NFO (New Fund Offer) in Mutual Funds,550,Mirae Asset,https://www.miraeassetmf.co.in/knowledge-center/what-is-nfo,590,Medium
How to Open a Mutual Fund Account - Step by step,500,SBI MF,https://www.sbimf.com/learn-about-mutual-funds/mutual-fund-starter-kit,1000,Medium
Is Demat Account Safe for investors,450,HDFC Fund,https://www.hdfcfund.com/learners-corner/beginner/essential-insights-opening-demat-account,210,Low
Essential Insights on Opening Demat Account,420,HDFC Fund,https://www.hdfcfund.com/learners-corner/beginner/essential-insights-opening-demat-account,210,Low
What is Overnight Fund and when to invest,400,HDFC Fund,https://www.hdfcfund.com/learners-corner/beginner/understanding-basics-overnight-fund-vs-liquid-fund,260,Medium
Which is the Best Date to do an SIP,380,Zerodha Fund House (Already covered),https://www.zerodhafundhouse.com/blog/which-is-the-best-date-to-do-an-sip/,24,Low