priority,topic,estimated_traffic,difficulty,rationale
HIGH,"Udyam Registration Guide for Business Loans",35631,Medium,"MASSIVE traffic opportunity - IIFL getting 35k+ visits. Business loan content highly relevant for gold loan customers"
HIGH,"How Many Grams in 1 Tola of Gold",14720,Low,"Multiple competitors covering (IIFL 14k + Capriloans 1.5k). Easy educational content with high search volume"
HIGH,"What is Business - Comprehensive Guide",13889,Medium,"IIFL getting 13k traffic. Appeals to business owners who are prime gold loan customers"
HIGH,"How to Start a Hardware Shop Business",5299,Medium,"Strong business loan tie-in. Targets SME owners who need financing guidance"
HIGH,"Gold Price History in India",4008,Medium,"Educational content that builds authority. Natural fit with existing gold rates pages"
HIGH,"What is 24K and 22K Gold",3850,Low,"Multiple competitors covering. Educational gold content - quick win"
MEDIUM,"Best Way to Invest Rs 10 Lakhs",5404,Medium,"Investment-focused content attracts affluent audience suitable for gold loans"
MEDIUM,"How to Check Purity of 20 Carat Gold",4048,Low,"Extends existing gold purity content. Natural extension of current 916 gold blog"
MEDIUM,"Director Identification Number (DIN)",3022,Low,"Business registration content. Targets business owners seeking loans"
MEDIUM,"How to Check Hallmark on Gold",2565,Low,"Gold education content. Complements existing hallmark blog (370 traffic)"
MEDIUM,"How to Calculate Gold Loan Eligibility",1045,Low,"Direct gold loan topic. Manappuram getting 1k traffic - valuable for conversions"
MEDIUM,"Minimum Weight Required for Gold Loan",1016,Low,"Practical gold loan info. Addresses common customer question"
MEDIUM,"RBI Gold Loan Guidelines",782,Medium,"Authority-building content. Important for customer education and trust"
LOW,"How Gold Prices Affect Gold Loan",356,Low,"Relevant but lower traffic. Good supplementary content"
LOW,"NBFC Gold Loans vs Bank Gold Loans",349,Low,"Competitive comparison content. Useful for decision-making customers"
LOW,"Instant Gold Loan Complete Guide",330,Low,"Service-focused content. Already covered somewhat in existing pages"
LOW,"How to Transfer Gold Loan to Another Lender",268,Low,"Niche topic. Targets customers looking to switch lenders"
LOW,"Typical Duration of a Gold Loan",227,Low,"Basic info content. Lower priority but useful FAQ"
LOW,"Can a Home Loan be Transferred",77,Low,"Low traffic. Only relevant if expanding to home loans"
LOW,"Gold Loan - Smart Way to Keep Gold Safe",8,Low,"Very low traffic. Generic promotional content"
