Topic,Max_Monthly_Traffic,Competitors_Covering,Primary_Competitor_URL,Secondary_Competitor_URL,Search_Volume_Keywords,Difficulty,Priority,Action_Required
"NYSE FANG+ ETF (International Tech)",15495,"Mirae Asset",https://www.miraeassetmf.co.in/mutual-fund-scheme/etf-and-fof/mirae-asset-nyse-fang-plus-etf,,mirae asset nyse fang+ etf (8100) | mafang etf (8100) | fang etf (1300),LOW,HIGH,"Launch international tech ETF product, Create educational content"
"Beginner's Guide to ETF (Educational)",10007,"HDFC Fund",https://www.hdfcfund.com/learners-corner/beginner/beginners-guide-etf,,etf full form (60500) | etf meaning (33100) | etf funds (22200),LOW,HIGH,"Create comprehensive ETF guide, Target informational keywords"
"Nifty Smallcap 250 ETF",6147,"Mirae Asset",https://www.miraeassetmf.co.in/docs/default-source/alternate/nifty-smallcap250-etf_one-pager.pdf,,nifty smallcap 250 etf | best small cap etf (720),MEDIUM,MEDIUM,"Consider product variant, Create comparison content"
"Dedicated ETF Hub/Portal",5839,"Nippon India",https://etf.nipponindiaim.com/,,"nippon india etf (1300) | etf portal",LOW,MEDIUM,"Build dedicated ETF section, Create ETF tools and screener"
"Gold BeES / Branded Gold ETF",5795,"Nippon India",https://mf.nipponindiaim.com/FundsAndPerformance/Pages/NipponIndia-ETF-Gold-BeES.aspx,,gold bees | gold etf (49500),HIGH,MEDIUM,"Strengthen ZGOLD branding, Create comparison content"
"Hang Seng Tech ETF (China/HK Tech)",4886,"Nippon India, Mirae Asset",https://www.miraeassetmf.co.in/mutual-fund-scheme/etf/mirae-asset-hang-seng-tech-etf,https://etf.nipponindiaim.com/Funds/details/14,"mirae asset hang seng tech etf (2400) | hang seng etf (1600) | mahktech etf (1600)",LOW,MEDIUM,"Evaluate international ETF expansion, Research regulatory requirements"
"S&P 500 ETF (US Market Broad)",3000,"Mirae Asset",https://www.miraeassetmf.co.in/mutual-fund-scheme/etf-and-fof/mirae-asset-s-and-p-500-top-50-etf,,"s&p 500 etf india (720) | s&p 500 etf (1000)",LOW,MEDIUM,"Launch US broad market ETF, Complement FANG+ strategy"
"ETF Comparison Content (vs MF/Index)",5000,"HDFC Fund, Mirae Asset",https://www.hdfcfund.com/learners-corner/intermediate/mutual-funds-vs-etfs,https://www.miraeassetmf.co.in/knowledge-center/index-funds-vs-etf,"etf vs mutual fund (22200) | etf vs index fund (4400)",LOW,HIGH,"Create multiple comparison pages, Educational content"
"Gold ETF General Optimization",8000,"HDFC, Mirae, Nippon",https://www.hdfcfund.com/explore/mutual-funds/hdfc-gold-etf/regular,,"gold etf (49500) | gold etf india (4400) | gold etf investment (1300)",MEDIUM,HIGH,"Optimize existing ZGOLD page, Add more content and FAQs"
"Silver ETF Optimization",4000,"HDFC, Mirae",https://www.hdfcfund.com/explore/mutual-funds/hdfc-silver-etf/regular,,"silver etf (14800) | silver etf india (4400)",MEDIUM,MEDIUM,"Improve ZSLVR page ranking, Content enhancement"
"Nifty 50 ETF Education",8100,"HDFC, Mirae, Nippon",https://www.hdfcfund.com/explore/mutual-funds/hdfc-nifty-50-exchange-traded-fund/regular,,"nifty 50 etf (8100) | nifty etf (9900)",MEDIUM,MEDIUM,"Educational content, Product comparison"
"ETF Taxation Content",1000,"HDFC",https://www.hdfcfund.com/learners-corner/beginner/how-are-etfs-taxed-india-taxation-rules-rates-benefits-explained,,"etf taxation (1000) | etf taxation india (480)",LOW,LOW,"Tax guide specific to ETFs, Regulatory updates"
"Momentum/Smart Beta ETFs",1600,"HDFC, Mirae",https://www.hdfcfund.com/explore/mutual-funds/hdfc-nifty200-momentum-30-etf/regular,,"momentum etf (1600) | nifty 200 momentum 30 etf",MEDIUM,LOW,"Evaluate smart beta product opportunities"
"Sector ETFs (IT/Banking/Pharma)",2000,"HDFC, Mirae",https://www.hdfcfund.com/explore/mutual-funds/hdfc-nifty-bank-exchange-traded-fund/regular,,"bank etf (880) | it etf (1000)",MEDIUM,LOW,"Consider sector-specific ETFs"
"ETF Investment Guide",8000,"Multiple",https://www.hdfcfund.com/learners-corner/beginner/beginners-guide-etf,,"etf investment (8100) | how to invest in etf",MEDIUM,HIGH,"Step-by-step ETF investing guide"
